,Date,Total Return Index,Price/Book Ratio,Dividend Yield,1 Month Return,12 Month Return,60 Month Return,1 Month Class,12 Month Class,60 Month Class
1,1974-12-31 00:00:00,88.758,1.08,5.4,0.1458234750670362,0.32804930259807574,0.9601613375695712,1,1,1
2,1975-01-31 00:00:00,101.701,1.22,4.7,0.08831771565668012,0.2626031209132653,0.8135023254441944,1,1,1
3,1975-02-28 00:00:00,110.683,1.3,4.4,0.007327231824218572,0.15155895666001085,0.6669497574153209,1,1,1
4,1975-03-31 00:00:00,111.494,1.29,4.4,0.04141926919834238,0.15666313882361393,0.4765727303711409,1,1,1
5,1975-04-30 00:00:00,116.112,1.33,4.2,0.023649579716136238,0.10256476505443013,0.5104640347250933,1,1,1
6,1975-05-30 00:00:00,118.858,1.35,4.1,0.012603274495616601,0.0591462080802303,0.5479984519342407,1,1,1
7,1975-06-30 00:00:00,120.356,1.37,4,-0.05525275017448228,0.07815148393100468,0.601756455847652,-1,1,1
8,1975-07-31 00:00:00,113.706,1.31,4.2,-0.015487309376813974,0.1305296114541008,0.7472428895572791,1,1,1
9,1975-08-29 00:00:00,111.945,1.29,4.3,-0.04193130555183344,0.14570548036982456,0.8091116173120729,-1,1,1
10,1975-09-30 00:00:00,107.251,1.24,4.4,0.06888513860010614,0.2058908541645299,0.9446998163187288,1,1,1
11,1975-10-31 00:00:00,114.639,1.31,4.2,0.027346714468898137,0.08870454208428202,0.8720854159579201,1,1,1
12,1975-11-28 00:00:00,117.774,1.35,4,0.0008575746769234893,0.05556404639394086,0.8981778660824971,1,1,1
13,1975-12-31 00:00:00,117.875,1.35,4,0.08935737009543998,0.1339724284199364,0.854880169671262,1,1,1
14,1976-01-30 00:00:00,128.408,1.46,3.7,-0.007398292941249718,0.006012086474363132,0.6529343966108032,1,-1,1
15,1976-02-27 00:00:00,127.458,1.44,3.8,0.011792119757096486,0.009061808595772769,0.6698677211316668,1,-1,1
16,1976-03-31 00:00:00,128.961,1.43,3.8,-0.007289025364257573,-0.008932933212366656,0.7088499623917306,1,-1,1
17,1976-04-30 00:00:00,128.021,1.4,3.8,-0.016661329000710712,0.009256293889283729,0.7219987345826078,-1,-1,1
18,1976-05-31 00:00:00,125.888,1.38,3.9,0.030773385866802228,0.01241579816980165,0.716756164209456,1,1,1
19,1976-06-30 00:00:00,129.762,1.41,3.8,-0.009355589463787561,0.019165857492948524,0.6624050184183352,1,1,1
20,1976-07-30 00:00:00,128.548,1.38,3.9,-0.0022715250334505166,0.014998288577029673,0.6495239132464139,1,1,1
21,1976-08-31 00:00:00,128.256,1.37,4,0.008397267964071808,0.021067240518962027,0.6204933882235528,1,1,1
22,1976-09-30 00:00:00,129.333,1.38,4,-0.034987203575266856,0.02517532261681077,0.485978056644476,-1,1,1
23,1976-10-29 00:00:00,124.808,1.33,4.1,-0.003926030382667811,0.04419588487917436,0.5867893083776681,1,1,1
24,1976-11-30 00:00:00,124.318,1.33,4.3,0.07520230376936565,0.06144725622999081,0.7111842211103783,1,1,1
25,1976-12-31 00:00:00,133.667,1.41,4,-0.03356849484165869,0.006793000516208014,0.5574599564589615,-1,-1,1
26,1977-01-31 00:00:00,129.18,1.36,4.2,-0.0043892243381329354,0.011116271868710337,0.5876064406254837,1,-1,1
27,1977-02-28 00:00:00,128.613,1.34,4.3,-0.006251312075762239,0.007767488512047782,0.49778016219200216,1,-1,1
28,1977-03-31 00:00:00,127.809,1.3,4.4,0.010930372665461707,0.059980126595153616,0.4657887942163699,1,1,1
29,1977-04-29 00:00:00,129.206,1.29,4.4,-0.013582960543627953,0.0955837964181232,0.5208426853242112,1,1,1
30,1977-05-31 00:00:00,127.451,1.26,4.5,0.03764584036217844,0.12459690390816869,0.5026402303630415,1,1,1
31,1977-06-30 00:00:00,132.249,1.29,4.4,-0.013406528593788991,0.0945262346029081,0.382437674386952,1,1,1
32,1977-07-29 00:00:00,130.476,1.27,4.5,0.0036941659768845447,0.189345166927251,0.38292866120972424,1,1,1
33,1977-08-31 00:00:00,130.958,1.27,4.5,0.012454374685013425,0.21212144351624174,0.47750423799996966,1,1,1
34,1977-09-30 00:00:00,132.589,1.28,4.5,-0.017082865094389277,0.21096772733786362,0.46581541455173503,-1,1,1
35,1977-10-31 00:00:00,130.324,1.23,4.7,0.012530309075841517,0.20800466529572437,0.5934440317976732,1,1,1
36,1977-11-30 00:00:00,131.957,1.24,4.7,0.019839796297278722,0.1508218586357679,0.6567593988950948,1,1,1
37,1977-12-30 00:00:00,134.575,1.23,4.7,-0.0294185398476684,0.16518669886680315,0.6971354263421885,-1,1,1
38,1978-01-31 00:00:00,130.616,1.19,4.9,-0.007686654008697391,0.231173822502603,0.7855622588350584,1,1,1
39,1978-02-28 00:00:00,129.612,1.16,5.1,0.04523500910409539,0.2168626361756627,0.8368206647532637,1,1,1
40,1978-03-31 00:00:00,135.475,1.18,5,0.044886510426278114,0.21290274958479438,0.8188374238789446,1,1,1
41,1978-04-28 00:00:00,141.556,1.22,4.8,0.012539207098250627,0.15902540337392979,0.8646542711011893,1,1,1
42,1978-05-31 00:00:00,143.331,1.22,4.8,0.009900161165414367,0.1247741242299294,0.8232134011483907,1,1,1
43,1978-06-30 00:00:00,144.75,1.21,4.8,0.07206217616580313,0.14584455958549225,0.8617202072538859,1,1,1
44,1978-07-31 00:00:00,155.181,1.27,4.6,0.02291517647134622,0.07676841881415886,0.7053247498082884,1,1,1
45,1978-08-31 00:00:00,158.737,1.28,4.5,0.011490704750625413,0.0948109136496218,0.6758033728746291,1,1,1
46,1978-09-29 00:00:00,160.561,1.29,4.6,-0.019487920478821197,0.10658877311426807,0.6900368084404056,-1,1,1
47,1978-10-31 00:00:00,157.432,1.21,4.8,-0.0353994105391533,0.044514457035418564,0.7030781543777633,-1,1,1
48,1978-11-30 00:00:00,151.859,1.21,4.9,0.03256968635378876,0.11599575922401684,0.8108969504606245,1,1,1
49,1978-12-29 00:00:00,156.805,1.22,4.9,0.025547654730397662,0.10953094607952552,0.7759255125793181,1,1,1
50,1979-01-31 00:00:00,160.811,1.26,4.8,-0.019221321924495216,0.1469053733886363,0.7457698789261926,-1,1,1
51,1979-02-28 00:00:00,157.72,1.23,5,0.041833629216332824,0.16981359371037263,0.7503296981993406,1,1,1
52,1979-03-30 00:00:00,164.318,1.25,4.8,-0.0015275258949111192,0.0018926715271605499,0.7588213098990977,1,-1,1
53,1979-04-30 00:00:00,164.067,1.24,4.9,-0.017383142252860084,0.06897182248715472,0.7548257723978617,-1,1,1
54,1979-05-31 00:00:00,161.215,1.2,5,0.02881865831343222,0.14128337933815094,0.6517321589182148,1,1,1
55,1979-06-29 00:00:00,165.861,1.21,4.9,0.007433935644907574,0.1623045803413703,0.6190665677886908,1,1,1
56,1979-07-31 00:00:00,167.094,1.19,5,0.0400552982153759,0.18898344644331933,0.5503249667851631,1,1,1
57,1979-08-31 00:00:00,173.787,1.23,4.9,0.022372214262286638,0.1653403304044605,0.6399270371201526,1,1,1
58,1979-09-28 00:00:00,177.675,1.25,4.9,-0.07448993949627136,0.1738905304629237,0.5976811594202898,-1,1,1
59,1979-10-31 00:00:00,164.44,1.17,5.2,0.030612989540257818,0.3051204086596935,0.7443870104597421,1,1,1
60,1979-11-30 00:00:00,169.474,1.19,5.2,0.02658814921462871,0.3191167966767765,0.6859046225379704,1,1,1
61,1979-12-31 00:00:00,173.98,1.21,5.1,0.060093114151051896,0.2567191631221981,0.6761294401655364,1,1,1
62,1980-01-31 00:00:00,184.435,1.27,4.9,0.0003686935776832101,0.15081193916555957,0.6679914332962833,1,1,1
63,1980-02-29 00:00:00,184.503,1.27,5,-0.10771640569530028,0.15357473862213622,0.670222164409251,-1,1,1
64,1980-03-31 00:00:00,164.629,1.14,5.6,0.06532263452976106,0.33861591821611015,0.9363477880567823,1,1,1
65,1980-04-30 00:00:00,175.383,1.15,5.5,0.0490868556245474,0.2569747352936145,0.8121710770143058,1,1,1
66,1980-05-30 00:00:00,183.992,1.16,5.4,0.04776838123396687,0.17461085264576726,0.815709378668638,1,1,1
67,1980-06-30 00:00:00,192.781,1.19,5.2,0.03055799067335463,0.11897438025531559,0.7634154818161538,1,1,1
68,1980-07-31 00:00:00,198.672,1.22,5,0.019373640976081186,0.06730188451316743,0.746003462994282,1,1,1
69,1980-08-29 00:00:00,202.521,1.23,5,0.029873445222964534,0.026254067479421828,0.7264333081507599,1,1,1
70,1980-09-30 00:00:00,208.571,1.25,4.9,0.028973347205508038,-0.07855838059941211,0.6884514146261944,1,-1,1
71,1980-10-31 00:00:00,214.614,1.29,4.8,0.04166550178459927,-0.0772083834232622,0.7287968166102863,1,-1,1
72,1980-11-28 00:00:00,223.556,1.35,4.5,-0.021972123315858294,-0.04842187192470793,0.7519905527026784,-1,-1,1
73,1980-12-31 00:00:00,218.644,1.32,4.7,-0.029243885036863593,-0.047854045846215776,0.8747598836464754,-1,-1,1
74,1981-01-30 00:00:00,212.25,1.3,4.9,0.0027703180212013123,-0.03374793875147242,0.959332136631331,1,-1,1
75,1981-02-27 00:00:00,212.838,1.32,4.8,0.035411909527434116,-0.09492665783365761,1.1294807365226136,1,-1,1
76,1981-03-31 00:00:00,220.375,1.33,4.8,0.000349404424276889,-0.14989903573454333,1.2571335587067498,1,-1,1
77,1981-04-30 00:00:00,220.452,1.33,4.6,-0.019655072305989507,-0.10864042966269294,1.317829826901094,-1,-1,1
78,1981-05-29 00:00:00,216.119,1.3,4.6,-0.0018600863413211766,-0.11385394157848217,1.3568876220970854,1,-1,1
79,1981-06-30 00:00:00,215.717,1.28,4.9,-0.0170315737748995,-0.15247291590370726,1.4554137457873044,-1,-1,1
80,1981-07-31 00:00:00,212.043,1.23,4.9,-0.01983088335856409,-0.14904524082379522,1.5173888786708352,-1,-1,1
81,1981-08-31 00:00:00,207.838,1.23,4.9,-0.07530865385540653,-0.06902972507433669,1.7920730665229652,-1,-1,1
82,1981-09-30 00:00:00,192.186,1.13,5.3,0.030480888306120058,0.01126512857336115,1.8987221701892958,1,1,1
83,1981-10-30 00:00:00,198.044,1.15,5.2,0.07416028761285354,0.048575064127163614,1.7639297782311,1,1,1
84,1981-11-30 00:00:00,212.731,1.2,4.9,-0.021388514132871905,0.027687549064311368,1.6812822813788304,-1,1,1
85,1981-12-31 00:00:00,208.181,1.18,5,-0.014862067143495472,0.09708378766554104,1.7937830877937948,1,1,1
86,1982-01-29 00:00:00,205.087,1.17,5.1,-0.060720572244949755,0.13719055815336922,2.168314008201398,-1,1,1
87,1982-02-26 00:00:00,192.634,1.11,5.4,-0.02747697706531549,0.23588774567314186,2.483527212226295,-1,1,1
88,1982-03-31 00:00:00,187.341,1.09,5.5,0.048900133980281923,0.3152860292194448,2.802895538082961,1,1,1
89,1982-04-30 00:00:00,196.502,1.11,5.3,-0.02538905456433016,0.34325859278785953,2.8373616248180675,-1,1,1
90,1982-05-31 00:00:00,191.513,1.07,5.4,-0.045359845023575485,0.36451833556990887,2.941922887741302,-1,1,1
91,1982-06-30 00:00:00,182.826,1.03,5.6,-0.013056129872118794,0.4739916642053099,3.1258913775939963,1,1,1
92,1982-07-30 00:00:00,180.439,1.01,5.7,0.0723346948276149,0.46661198521383973,3.263038284406364,1,1,1
93,1982-08-31 00:00:00,193.491,1.09,5.2,0.004444651172405889,0.3748029624116882,3.2095493898941028,1,1,1
94,1982-09-30 00:00:00,194.351,1.09,5.2,0.06849977617815184,0.3962058337749741,3.117030681601844,1,1,1
95,1982-10-29 00:00:00,207.664,1.17,4.9,0.05276311734340089,0.29111930811310605,2.197983025464212,1,1,1
96,1982-11-30 00:00:00,218.621,1.21,4.7,0.044693785135005326,0.2578892238165591,1.9629326917359267,1,1,1
97,1982-12-31 00:00:00,228.392,1.25,4.5,0.021152229500157604,0.2192808854951136,1.9581760744684575,1,1,1
98,1983-01-31 00:00:00,233.223,1.28,4.4,0.020799835350715723,0.20373633818276904,1.9667431942818672,1,1,1
99,1983-02-28 00:00:00,238.074,1.3,4.4,0.03500172215361608,0.15956383309391198,2.074126229659685,1,1,1
100,1983-03-31 00:00:00,246.407,1.34,4.2,0.07120739264712439,0.17288064056621755,2.059042567784194,1,1,1
101,1983-04-29 00:00:00,263.953,1.42,4,-0.009963895087382935,0.09075858202028408,1.8909545752463512,1,1,1
102,1983-05-31 00:00:00,261.323,1.4,4,0.031229551168477254,0.018984169016887265,1.8609211014721248,1,1,1
103,1983-06-30 00:00:00,269.484,1.44,3.9,-0.01799735791364221,-0.003502990901129377,1.7696902784580906,-1,-1,1
104,1983-07-29 00:00:00,264.634,1.42,4,0.0052071918196452405,-0.02110084116175548,1.872727608697295,1,-1,1
105,1983-08-31 00:00:00,266.012,1.44,3.9,0.020081800821015516,0.07137272002766792,1.7000781543689758,1,1,1
106,1983-09-30 00:00:00,271.354,1.45,3.9,-0.011921696381847924,0.04611688053244101,1.7584648429726486,1,1,1
107,1983-10-31 00:00:00,268.119,1.42,4,0.025667707249392713,0.06984958171558131,1.9767826375601874,1,1,1
108,1983-11-30 00:00:00,275.001,1.45,3.9,0.012629044985291049,0.03896713102861438,2.00255652888535,1,1,1
109,1983-12-30 00:00:00,278.474,1.47,3.8,0.008133613910095594,0.04718214267759291,1.991146290138397,1,1,1
110,1984-01-31 00:00:00,280.739,1.49,3.8,-0.016659601979062244,0.09580784999590386,2.0736033682530755,-1,1,1
111,1984-02-29 00:00:00,276.062,1.44,4,0.04688801790902031,0.11627460498004072,2.1052304663445165,1,1,1
112,1984-03-30 00:00:00,289.006,1.49,3.8,-0.0037957689459733324,0.103018622450745,1.9463649682013524,1,1,1
113,1984-04-30 00:00:00,287.909,1.47,3.9,-0.07511053839928594,0.10390435866888503,2.025060005071047,-1,1,1
114,1984-05-31 00:00:00,266.284,1.35,4.2,0.008472157546078662,0.25458532994847616,2.1896963843114867,1,1,1
115,1984-06-29 00:00:00,268.54,1.36,4.2,-0.03533924182617121,0.26593058762195554,2.1263670998733892,-1,1,1
116,1984-07-31 00:00:00,259.05,1.32,4.3,0.100165991121405,0.3390542366338545,2.6062321482339317,1,1,1
117,1984-08-31 00:00:00,284.998,1.36,4.2,-0.003964940104842829,0.2268121179797753,2.1977650439652208,1,1,1
118,1984-09-28 00:00:00,283.868,1.45,3.9,0.010494314258739923,0.24058365155635708,2.300323794862401,1,1,1
119,1984-10-31 00:00:00,286.847,1.46,3.9,-0.003939382318797091,0.2934560933180408,2.1563048454402525,1,1,1
120,1984-11-30 00:00:00,285.717,1.46,3.9,0.02063580395986242,0.370824977162717,2.294457060657924,1,1,1
121,1984-12-31 00:00:00,291.613,1.5,3.8,0.05494611008425565,0.40564721051530617,2.3307755278399798,1,1,1
122,1985-01-31 00:00:00,307.636,1.58,3.6,0.0017065623009009379,0.3518191824103809,2.009060587837574,1,1,1
123,1985-02-28 00:00:00,308.161,1.6,3.6,0.03445601487534122,0.47077151553895535,1.8743117428876461,1,1,1
124,1985-03-29 00:00:00,318.779,1.6,3.6,-0.0029958058717795,0.5603782181385852,1.6099787031140695,1,1,1
125,1985-04-30 00:00:00,317.824,1.55,3.7,0.0511352194925494,0.6077143985350382,1.5792709203836082,1,1,1
126,1985-05-31 00:00:00,334.076,1.61,3.5,0.017591805457440657,0.5247075396017673,1.7114061530909135,1,1,1
127,1985-06-28 00:00:00,339.953,1.62,3.5,0.020382229308169242,0.5580815200924836,1.6447657440881533,1,1,1
128,1985-07-31 00:00:00,346.882,1.6,3.5,0.007947947717091175,0.5388365207765176,1.614775180032403,1,1,1
129,1985-08-30 00:00:00,349.639,1.61,3.5,0.007216014231821832,0.6597086766636446,1.3505491807264063,1,1,1
130,1985-09-30 00:00:00,352.162,1.58,3.5,0.053560577234341045,0.5819248499270224,1.086836498543284,1,1,1
131,1985-10-31 00:00:00,371.024,1.65,3.4,0.055640605459485126,0.47532156679891346,1.1648916242615033,1,1,1
132,1985-11-29 00:00:00,391.668,1.71,3.3,0.046562394681209485,0.45631468743936177,1.0163817518919083,1,1,1
133,1985-12-31 00:00:00,409.905,1.78,3.2,0.01454787328771312,0.41889598077603374,0.9663195447725694,1,1,1
134,1986-01-31 00:00:00,415.868246,1.79,3.2,0.08985099333599988,0.5624660484416981,1.0083168528332407,1,1,1
135,1986-02-28 00:00:00,453.234421,1.88,3,0.09748021101865967,0.4805710906056715,1.012697089482531,1,1,1
136,1986-03-31 00:00:00,497.415808,2.04,2.8,0.02724966272081164,0.43227907425089307,0.7793146835413802,1,1,1
137,1986-04-30 00:00:00,510.970221,2.03,2.8,-0.0031352609881348803,0.4757205077906095,0.7451200644430511,1,1,1
138,1986-05-30 00:00:00,509.368196,2.05,2.7,0.039865643672813755,0.482089937943436,0.7897369646533643,1,1,1
139,1986-06-30 00:00:00,529.674487,2.08,2.7,0.007778745439177559,0.42412035224192324,0.6143521426585155,1,1,1
140,1986-07-31 00:00:00,533.79469,2.06,2.7,0.08711999739075726,0.44103787356895596,0.6770286043872038,1,1,1
141,1986-08-29 00:00:00,580.298882,2.22,2.5,-0.03998812287906495,0.4036041534196855,0.5372569147910231,-1,1,1
142,1986-09-30 00:00:00,557.093819,2.12,2.6,-0.017437116817122678,0.43629134395404234,0.6427847532804882,-1,1,1
143,1986-10-31 00:00:00,547.379709,2.11,2.7,0.04204056456904559,0.2132454602916236,0.6985414543380524,1,1,1
144,1986-11-28 00:00:00,570.391861,2.16,2.6,0.01967190762562465,0.13563911459809574,0.5584902499161013,1,1,1
145,1986-12-31 00:00:00,581.612557,2.17,2.6,0.11720424048547495,0.1616388639972226,0.6391949426222583,1,1,1
146,1987-01-30 00:00:00,649.780015,2.37,2.4,0.03272763936884093,0.06484153409981364,0.43963350427144166,1,1,1
147,1987-02-27 00:00:00,671.045781,2.43,2.3,0.061683529159987316,0.09064023457439774,0.3695397117771313,1,1,1
148,1987-03-31 00:00:00,712.438253,2.51,2.2,0.05840643848751892,0.058013798144552986,0.2288089328634071,1,1,-1
149,1987-04-30 00:00:00,754.049234,2.61,2.2,0.0011673561357932183,0.011971232902280304,0.1768035350858801,1,1,-1
150,1987-05-29 00:00:00,754.929478,2.61,2.1,-0.000807043595137058,-0.009676391256243866,0.2218119339353708,1,-1,-1
151,1987-06-30 00:00:00,754.320217,2.61,2.2,0.019750429146989212,-0.010516756440057007,0.1814571862389842,1,-1,-1
152,1987-07-31 00:00:00,769.218365,2.66,2.1,0.058879972268992775,-0.011696245707810027,0.16115388716700751,1,-1,-1
153,1987-08-31 00:00:00,814.509921,2.75,2,-0.017631327292328858,-0.11817748135200423,0.12289251501947018,-1,-1,-1
154,1987-09-30 00:00:00,800.14903,2.71,2.1,-0.1700221807430049,-0.06452368129472075,0.13219997317249765,-1,-1,-1
155,1987-10-30 00:00:00,664.105947,2.17,2.6,-0.024614504769673418,0.20181424004022652,0.3267461934051916,-1,1,1
156,1987-11-30 00:00:00,647.759308,2.06,2.7,0.04301666013265515,0.2747112049218132,0.38413374385659904,1,1,1
157,1987-12-31 00:00:00,675.62375,2.09,2.6,0.024109569860443658,0.232870324644449,0.33735735814497336,1,1,1
158,1988-01-29 00:00:00,691.912748,2.19,2.6,0.05774829285267047,0.24709414372576366,0.30984844638243314,1,1,1
159,1988-02-29 00:00:00,731.869528,2.3,2.4,0.029923330815325277,0.17129638576781958,0.2673009676118119,1,1,1
160,1988-03-31 00:00:00,753.769502,2.3,2.4,0.012346786352202432,0.12967843848901173,0.30145952495700734,1,1,1
161,1988-04-29 00:00:00,763.076133,2.3,2.5,-0.020249156449504646,0.14135662660019266,0.34481374350624594,-1,1,1
162,1988-05-31 00:00:00,747.624485,2.26,2.5,-0.0016549350975310073,0.13608519924277207,0.40387748670376933,1,1,1
163,1988-06-30 00:00:00,746.387215,2.31,2.5,0.018534860621909344,0.12482449340989854,0.3940453361061391,1,1,1
164,1988-07-29 00:00:00,760.221398,2.34,2.4,-0.055205244301739564,0.22884522911048077,0.3965194163082475,-1,1,1
165,1988-08-31 00:00:00,718.25319,2.22,2.6,0.04214012471006234,0.2688515062494883,0.5455098807149048,1,1,1
166,1988-09-30 00:00:00,748.520469,2.3,2.5,0.06627943664156488,0.2516108160029489,0.4552596677219256,1,1,1
167,1988-10-31 00:00:00,798.131984,2.36,2.4,0.03454825085671542,0.13436949545928734,0.4020827696212208,1,1,1
168,1988-11-30 00:00:00,825.706048,2.39,2.4,0.008780877913588947,0.13997274245470948,0.27827857936436007,1,1,1
169,1988-12-30 00:00:00,832.956472,2.41,2.4,0.035924883239276895,0.1660842752897178,0.32884666122145223,1,1,1
170,1989-01-31 00:00:00,862.880336,2.53,2.3,-0.006541119045735289,0.07279691560846979,0.36706857784971003,1,1,1
171,1989-02-28 00:00:00,857.236133,2.48,2.3,-0.006671416170928035,0.03326346954159476,0.3579587720435018,1,1,1
172,1989-03-31 00:00:00,851.517154,2.48,2.3,0.0228120442538966,-0.022912930066468218,0.30783526820177265,1,-1,1
173,1989-04-28 00:00:00,870.942001,2.48,2.3,-0.024774197334869408,-0.05877291477644564,0.3178942608831652,-1,-1,1
174,1989-05-31 00:00:00,849.365112,2.48,2.3,-0.011550381410061927,0.06646212471227586,0.35454336470321146,1,1,1
175,1989-06-30 00:00:00,839.554621,2.44,2.4,0.11272621772633906,0.07092025522899248,0.3662533192226931,1,1,1
176,1989-07-31 00:00:00,934.194438,2.62,2.2,-0.024446512493580097,-0.02909029736698132,0.25090469850346087,-1,-1,1
177,1989-08-31 00:00:00,911.356642,2.56,2.2,0.027979905807281158,-0.09821948167685601,0.32057448513114584,1,-1,1
178,1989-09-29 00:00:00,936.856315,2.56,2.2,-0.03360145893877009,-0.2155632584917785,0.2505928651716458,-1,-1,-1
179,1989-10-31 00:00:00,905.376576,2.47,2.3,0.03965842827371757,-0.11282578841536095,0.33058886129167964,1,-1,1
180,1989-11-30 00:00:00,941.282388,2.55,2.3,0.031887408478740165,-0.16098269969967816,0.22404135398526126,1,-1,-1
181,1989-12-29 00:00:00,971.297444,2.6,2.2,-0.04694965613437774,-0.17017776791349204,0.19742554701914772,-1,-1,-1
182,1990-01-31 00:00:00,925.695363,2.46,2.4,-0.043150893475956686,-0.09776451262184838,0.23725236776410208,-1,-1,-1
183,1990-02-28 00:00:00,885.750781,2.35,2.5,-0.060676638567931374,0.02988743512042147,0.3115858219152958,-1,1,1
184,1990-03-30 00:00:00,832.006401,2.23,2.7,-0.014726088627772471,0.06376495413525074,0.4632713552524701,1,1,1
185,1990-04-30 00:00:00,819.754201,2.16,2.8,0.10498454401943347,0.08777043644574145,0.536556083901057,1,1,1
186,1990-05-31 00:00:00,905.815722,2.33,2.5,-0.007418366491987238,0.0064244491000344794,0.40214785909843154,1,-1,1
187,1990-06-29 00:00:00,899.096049,2.27,2.6,0.008811511304950725,-0.048954620642538305,0.4118761049632862,1,-1,1
188,1990-07-31 00:00:00,907.018444,2.21,2.7,-0.09390633626409484,-0.013042160364271527,0.4692536270629575,-1,-1,1
189,1990-08-31 00:00:00,821.843665,1.97,3,-0.10578550848840584,0.08544788624731936,0.5850503571138435,-1,1,1
190,1990-09-28 00:00:00,734.904515,1.73,3.3,0.09296749932200399,0.24531175590886134,0.8238066435338203,1,1,1
191,1990-10-31 00:00:00,803.22675,1.83,3.1,-0.016775514510690814,0.157515143762331,0.6420426808494613,-1,1,1
192,1990-11-30 00:00:00,789.752208,1.78,3.2,0.02057861293120955,0.12560641805764972,0.7276823286323753,1,1,1
193,1990-12-31 00:00:00,806.004213,1.82,3.1,0.036216924836346864,0.1828429015916322,0.7419827102194068,1,1,1
194,1991-01-31 00:00:00,835.195207,1.86,3,0.09222801131328806,0.1200316670399666,0.7111612917457752,1,1,1
195,1991-02-28 00:00:00,912.2236,2.04,2.7,-0.029778169518964392,0.007454581859096754,0.5758896789120562,-1,-1,1
196,1991-03-29 00:00:00,885.059251,2.05,2.7,0.007508123317723436,-0.010856630885608287,0.6509492977210856,1,-1,1
197,1991-04-30 00:00:00,891.704385,2.05,2.7,0.02235124592327753,-0.004863249382809687,0.6768413728278346,1,-1,1
198,1991-05-31 00:00:00,911.635089,2.09,2.7,-0.06203572754317266,0.011788441043651066,0.6412710849263943,-1,1,1
199,1991-06-28 00:00:00,855.081143,1.98,2.8,0.04690528066059807,0.04223680804524532,0.7583196851763576,1,1,1
200,1991-07-31 00:00:00,895.188964,2.05,2.7,-0.003485850614217356,-0.002243179351795521,0.6198469586696109,1,-1,1
201,1991-08-30 00:00:00,892.068469,2.02,2.7,0.025913664481285403,0.025265577120179517,0.643858860031068,1,1,1
202,1991-09-30 00:00:00,915.185232,2.02,2.7,0.015911418247186004,-0.01011436961211809,0.6647417632390291,1,-1,1
203,1991-10-31 00:00:00,929.747127,2.05,2.7,-0.043879644061540546,-0.05232292565072916,0.6497833256224732,-1,-1,1
204,1991-11-29 00:00:00,888.950154,1.94,2.8,0.07247448882268825,0.008589190367584987,0.8218512535855864,1,-1,1
205,1991-12-31 00:00:00,953.376362,2.01,2.7,-0.018808188156022254,-0.052262643155400634,0.6712122610293962,-1,-1,1
206,1992-01-31 00:00:00,935.44508,1.99,2.7,-0.01755446134796068,-0.031155481623784897,0.7234545668891648,-1,-1,1
207,1992-02-28 00:00:00,919.0238455,1.98,2.8,-0.04741265018677898,0.009221866811724544,0.7740981430171172,-1,-1,1
208,1992-03-31 00:00:00,875.4504894,1.9,2.894916,0.013612779870815661,0.12056650818978909,0.82521282204677,1,1,1
209,1992-04-30 00:00:00,887.3678042,1.91,2.883209,0.039458318336855536,0.15644861819745515,0.8592165354560877,1,1,1
210,1992-05-29 00:00:00,922.3818455,1.93,2.8,-0.03380899629816059,0.13789445024370872,0.8987152506895257,-1,1,1
211,1992-06-30 00:00:00,891.1970411,1.82,2.986957,0.00222605485488514,0.16752813128252675,1.062829565514364,1,1,1
212,1992-07-31 00:00:00,893.1808946,1.81,3.017462,0.023988644662619407,0.18863261565335332,1.1527083680748493,1,1,1
213,1992-08-31 00:00:00,914.6070937,1.8,3.004422,-0.009488646501627174,0.2137095914151228,0.9613138672947952,1,1,1
214,1992-09-30 00:00:00,905.9287103,1.81,3,-0.027406872988690267,0.20240327590377283,1.087342274121986,-1,1,1
215,1992-10-30 00:00:00,881.1000372,1.82,2.9,0.01757516541391868,0.2700568101281202,1.0328601209710628,1,1,1
216,1992-11-30 00:00:00,896.5855161,1.88,2.814977,0.007768224196054385,0.17722440866675537,1.0327611406414063,1,1,1
217,1992-12-31 00:00:00,903.5503934,1.89,2.793716,0.0030440411736751827,0.22502456403667392,1.041337645772531,1,1,1
218,1993-01-29 00:00:00,906.300838,1.907526,2.756384,0.023389720180309492,0.30157288212724787,1.0915201307361033,1,1,1
219,1993-02-26 00:00:00,927.498961,1.937411,2.666709,0.05768366246180623,0.25508639412912504,1.1816331104008646,1,1,1
220,1993-03-31 00:00:00,981.000498,2.021478,2.559346,0.0460700816076447,0.13521264030999514,1.1494331440492296,1,1,1
221,1993-04-30 00:00:00,1026.195271,2.08858,2.489878,0.022781153510109897,0.118509797420417,1.0745409799106351,1,1,1
222,1993-05-31 00:00:00,1049.573183,2.122221,2.423246,-0.008646912046722743,0.09616165437984514,1.002610316769117,1,1,1
223,1993-06-30 00:00:00,1040.497616,2.120739,2.416268,0.0203425040812395,0.10239972679572196,1.0677124638697872,1,1,1
224,1993-07-30 00:00:00,1061.663943,2.173948,2.337462,0.0455920720668197,0.10071385537297095,1.022936670215238,1,1,1
225,1993-08-31 00:00:00,1110.067402,2.255088,2.254754,-0.01871575812655013,0.08418130837067861,0.6764365206537253,-1,1,1
226,1993-09-30 00:00:00,1089.291649,2.20123,2.318511,0.027316333212795918,0.07558505961703177,0.7383323173443332,1,1,1
227,1993-10-29 00:00:00,1119.04710265,2.293618,2.246446,-0.05680256755008173,0.07652661308644149,0.8447866209664596,-1,1,1
228,1993-11-30 00:00:00,1055.48235401,2.164471,2.376833,0.04868776114992546,0.09160381915687044,1.0718944690943464,1,1,1
229,1993-12-31 00:00:00,1106.87142676,2.285923,2.259486,0.06572142461291763,0.050760138062704296,1.0719244205743341,1,1,1
230,1994-01-31 00:00:00,1179.61659379,2.405139,2.13996,-0.013161282531740981,-0.029075391335250944,0.9864402641042811,1,-1,1
231,1994-02-28 00:00:00,1164.09132652,2.339468,2.200209,-0.04333608531455124,-0.00202145687060018,0.9591002995767257,-1,-1,1
232,1994-03-31 00:00:00,1113.64416548,2.211821,2.33707,0.030678829251778117,0.09321376765374367,1.1328118129063696,1,1,1
233,1994-04-29 00:00:00,1147.80946468,2.264245,2.24624,0.0023456959302479152,0.09739320297482101,1.1506118531076899,1,1,1
234,1994-05-31 00:00:00,1150.50187667,2.259868,2.249729,-0.003005287631522635,0.10394220217712946,1.0668880664955864,1,1,1
235,1994-06-30 00:00:00,1147.04428761,2.1878,2.299131,0.01878212064931617,0.10668109449807539,1.1695213976394547,1,1,1
236,1994-07-29 00:00:00,1168.58821181,2.2405,2.2591,0.029887445480819563,0.1403847182369773,1.1228486957673858,1,1,1
237,1994-08-31 00:00:00,1203.51432828,2.2991,2.21207,-0.026496157379009677,0.08238312090700162,1.0572995012103887,-1,1,1
238,1994-09-30 00:00:00,1171.62582323,2.2067,2.309183,0.02821563285355344,0.1439861688306978,1.0925141204477549,1,1,1
239,1994-10-31 00:00:00,1204.6839873,2.22635,2.293618,-0.04359269249332365,0.0948370027363441,1.1405978959092953,-1,1,1
240,1994-11-30 00:00:00,1152.16856869,2.162068,2.372094,0.00944983642660846,0.18423724690854115,1.3008402440574303,1,1,1
241,1994-12-30 00:00:00,1163.0563732,2.179356,2.363694,-0.015250845882214037,0.2072032239907251,1.4635083641618962,1,1,1
242,1995-01-31 00:00:00,1145.3187797,2.125329,2.426078,0.014336084154929152,0.24782177206973466,1.3581123418647105,1,1,1
243,1995-02-28 00:00:00,1161.73816611,2.124338,2.440765,0.04795656154308081,0.23742491900182894,1.330774594241586,1,1,1
244,1995-03-31 00:00:00,1217.45113397,2.09917,2.428726,0.034619188979324145,0.20020254456965003,1.377565928162606,1,1,1
245,1995-04-28 00:00:00,1259.59830485,2.129576,2.360438,0.008327472694756644,0.18708226213281742,1.2005816715433637,1,1,1
246,1995-05-31 00:00:00,1270.08757534,2.145573,2.356333,-0.0005317331679426385,0.17806074213383227,1.1268958082806657,1,1,1
247,1995-06-30 00:00:00,1269.41222765,2.126043,2.378557,0.04980880885876671,0.1844111577082932,1.1994183518214832,1,1,1
248,1995-07-31 00:00:00,1332.64013866,2.233325,2.285817,-0.02249410256405915,0.08811754854395826,1.0358367923976992,-1,1,1
249,1995-08-31 00:00:00,1302.6635947,2.276376,2.291602,0.02891010562759533,0.12572014945862997,1.1501733878769,1,1,1
250,1995-09-29 00:00:00,1340.32373682,2.311232,2.268367,-0.015959674765405385,0.13670080963029752,0.9783949804480043,-1,1,1
251,1995-10-31 00:00:00,1318.9326059,2.285764,2.307598,0.034503906914141735,0.1629717093265166,0.9765499518234328,1,1,1
252,1995-11-30 00:00:00,1364.44093376,2.369653,2.228221,0.029026151788675625,0.18695863805334212,0.7943861558177592,1,1,1
253,1995-12-29 00:00:00,1404.04540341,2.436796,2.189547,0.017882830426295016,0.1347882779861478,0.7717471446851663,1,1,1
254,1996-01-31 00:00:00,1429.15370927,2.529214,2.13489,0.00588463422475094,0.12807816594024501,0.7741382100145973,1,1,1
255,1996-02-29 00:00:00,1437.5637561,2.512268,2.185756,0.016433492204958267,0.13416778266117002,0.6145048647001015,1,1,1
256,1996-03-29 00:00:00,1461.18794888,2.522711,2.171421,0.02330901801243712,0.09355094226227156,0.4838041060712692,1,1,1
257,1996-04-30 00:00:00,1495.2468051,2.543232,2.126186,0.0006644431384914551,0.10336894817151143,0.5568923860126962,1,1,1
258,1996-05-31 00:00:00,1496.24031158,2.545641,2.150502,0.004855967670278627,0.1704941134493425,0.5355840549929958,1,1,1
259,1996-06-28 00:00:00,1503.50600616,2.563398,2.144896,-0.0355415177399121,0.22273379524122938,0.4800692439556433,-1,1,1
260,1996-07-31 00:00:00,1450.06912077,2.434229,2.253368,0.011286038379542784,0.325976781706101,0.514099442979755,1,1,1
261,1996-08-30 00:00:00,1466.43465652,2.46583,2.247647,0.03894644745067155,0.2232604896674677,0.42511674420557277,1,1,1
262,1996-09-30 00:00:00,1523.54707681,2.589488,2.148349,0.0067830069167522655,0.24117155494094566,0.25064312446422843,1,1,1
263,1996-10-31 00:00:00,1533.88130717,2.596742,2.145665,0.05584111682541493,0.167726029281017,0.2659373148190993,1,1,1
264,1996-11-29 00:00:00,1619.53495244,2.735209,2.047639,-0.01620260609409241,0.12535033198520673,0.2697345640375639,-1,1,1
265,1996-12-31 00:00:00,1593.29426555,2.693716,2.097456,0.01186399151664208,0.1576338864580682,0.2986292316917074,1,1,1
266,1997-01-31 00:00:00,1612.1970952,2.795037,2.022778,0.011314623096835064,0.1757535433003925,0.24439137208662554,1,1,-1
267,1997-02-28 00:00:00,1630.43849769,2.833149,2.018664,-0.019967045317025978,0.24105413730529235,0.21964664621657515,-1,1,-1
268,1997-03-31 00:00:00,1597.88345832,2.741535,2.100167,0.03249638514600672,0.31961750636492425,0.2993154045182056,1,1,1
269,1997-04-30 00:00:00,1649.8088946,2.789447,2.024101,0.061541420186497886,0.29038226793907107,0.21564834980251413,1,1,-1
270,1997-05-30 00:00:00,1751.34047701,2.856968,1.948831,0.049703144084588535,0.20015845694863055,0.1470820146861307,1,1,-1
271,1997-06-30 00:00:00,1838.38760508,2.98149,1.831815,0.04589368460539012,0.17029177268434448,0.026276662808492945,1,1,-1
272,1997-07-31 00:00:00,1922.75798601,3.181655,1.668078,-0.06705285373825998,0.11697828710972802,-0.10155139248449563,-1,1,-1
273,1997-08-29 00:00:00,1793.831576,2.968016,1.800866,0.05415877368299826,0.03742043455923638,-0.035333522393074523,1,1,-1
274,1997-09-30 00:00:00,1890.98329435,3.110385,1.718634,-0.05279272769795429,0.0013578026456773085,-0.18564786880926476,-1,-1,-1
275,1997-10-31 00:00:00,1791.15312821,2.911051,1.841957,0.017525619493723,0.1525553514584621,-0.07691072478413408,1,1,-1
276,1997-11-28 00:00:00,1822.54419639,3.006249,1.799847,0.012020140062113605,0.1998875285612245,-0.04403580461805501,1,1,-1
277,1997-12-31 00:00:00,1844.4514329,3.076077,1.770327,0.027702011215152478,0.24337995494638642,-0.10128515877822453,1,1,-1
278,1998-01-30 00:00:00,1895.54644718,3.146971,1.739299,0.06748238545686935,0.23618068108857448,-0.15215953418555905,1,1,-1
279,1998-02-27 00:00:00,2023.46244318,3.330824,1.672109,0.04207270653178452,0.12706399577940086,-0.21965751122194743,1,1,-1
280,1998-03-31 00:00:00,2108.59498473,3.475061,1.621715,0.009622122075092499,0.12643416526675355,-0.2536347194141132,1,1,-1
281,1998-04-30 00:00:00,2128.88414308,3.414083,1.631983,-0.012681788573491781,0.15952417977930256,-0.1952364009713895,1,1,-1
282,1998-05-29 00:00:00,2101.88608448,3.39039,1.646016,0.023580633182726185,0.13134513660301383,-0.13849279700713002,1,1,-1
283,1998-06-30 00:00:00,2151.44988923,3.46717,1.613073,-0.0017527563662426138,0.15667910206388447,-0.14387930895791712,1,1,-1
284,1998-07-31 00:00:00,2147.67892174,3.480069,1.621537,-0.13350291132331127,0.15507766836961112,-0.1250604069636233,-1,1,-1
285,1998-08-31 00:00:00,1860.9575331,2.98803,1.885192,0.017514286484391572,0.3304921704180288,0.03143465175293536,1,1,-1
286,1998-09-30 00:00:00,1893.55087647,2.970326,1.877196,0.09022849549651757,0.29473340772359347,0.019781595026286736,1,1,-1
287,1998-10-30 00:00:00,2064.4031232,3.147991,1.739246,0.059312508745966275,0.24914750392972063,-0.009202751708954793,1,1,-1
288,1998-11-30 00:00:00,2186.8480515,3.390315,1.626331,0.048702921068039196,0.21222679781599796,-0.050542054178929874,1,1,-1
289,1998-12-31 00:00:00,2293.35393954,3.488462,1.580751,0.021751530677382558,0.24934884841399607,-0.037905435249753205,1,1,-1
290,1999-01-29 00:00:00,2343.23789811,3.606982,1.536204,-0.02674343550031577,0.15258905293329073,-0.04327796877209755,-1,1,-1
291,1999-02-26 00:00:00,2280.57166652,3.549257,1.589797,0.04149037119907173,0.18731186679252465,-0.0005281785035231579,1,1,-1
292,1999-03-31 00:00:00,2375.19343151,3.65177,1.546723,0.03928067798700763,0.218667202818009,-0.0467126656878063,1,1,-1
293,1999-04-30 00:00:00,2468.49263985,3.769211,1.487487,-0.036675839748706585,0.12289131367571482,-0.1015297437326893,-1,1,-1
294,1999-05-31 00:00:00,2377.95859937,3.626106,1.54134,0.04650145156828889,0.13599283892313174,-0.05882562990670226,1,1,-1
295,1999-06-30 00:00:00,2488.53712601,3.765285,1.474704,-0.003134839580435811,0.12193164423329583,-0.0821840250371969,1,1,-1
296,1999-07-30 00:00:00,2480.73596133,3.650828,1.513717,-0.0019133572189824477,0.09364231728049588,-0.10935880787351226,1,1,-1
297,1999-08-31 00:00:00,2475.98942727,3.616917,1.539755,-0.009832775540904892,0.13124578151704847,-0.10372903158685143,1,1,-1
298,1999-09-30 00:00:00,2451.64357899,3.568892,1.519739,0.05184294754311769,0.0815967605668082,-0.07770523347381608,1,1,-1
299,1999-10-29 00:00:00,2578.74400845,3.745302,1.445185,0.028002702902411913,0.010932519904116145,-0.10170648362558676,1,-1,-1
300,1999-11-30 00:00:00,2650.95581078,3.86699,1.394197,0.08081737602671035,-0.07643352182109053,-0.08027287785207815,1,-1,-1
301,1999-12-31 00:00:00,2865.19910337,4.23244,1.272887,-0.057381266592128055,-0.13178339628331237,-0.11656130961970101,-1,-1,-1
302,2000-01-31 00:00:00,2700.79034978,4.037108,1.334685,0.0025768208741441256,-0.06119473367988837,-0.08388329874196054,1,-1,-1
303,2000-02-29 00:00:00,2707.74980273,4.067336,1.337691,0.06899475439408942,-0.14284780846443978,-0.05729194036450225,1,-1,-1
304,2000-03-31 00:00:00,2894.57033533,4.199984,1.280722,-0.04239710145305864,-0.25097115387841473,-0.13525414265511915,-1,-1,-1
305,2000-04-28 00:00:00,2771.84894316,4.097805,1.31579,-0.025436091383689186,-0.16014962798944132,-0.11664467654626332,-1,-1,-1
306,2000-05-31 00:00:00,2701.34394014,3.918352,1.358027,0.033547971449834346,-0.14945937436573742,-0.07748454977530639,1,-1,-1
307,2000-06-30 00:00:00,2791.96854952,3.831096,1.376137,-0.028270635148655354,-0.2029663091288847,-0.09970507460331479,-1,-1,-1
308,2000-07-31 00:00:00,2713.03782531,3.805174,1.358833,0.03240454981859853,-0.19074152687527313,-0.04114885955460035,1,-1,-1
309,2000-08-31 00:00:00,2800.95259468,3.884557,1.303437,-0.05329002777965719,-0.25388220162692277,-0.06424644036167948,-1,-1,-1
310,2000-09-29 00:00:00,2651.6897531,3.730698,1.34894,-0.01687737956436275,-0.2814341594138432,0.014099698309838482,-1,-1,-1
311,2000-10-31 00:00:00,2606.93617865,3.712314,1.358058,-0.06083856520113651,-0.25514187913278397,0.006483452041680771,-1,-1,-1
312,2000-11-30 00:00:00,2448.33392197,3.46976,1.454879,0.016043364092425128,-0.16009026043090646,0.10739115942911881,1,-1,-1
313,2000-12-29 00:00:00,2487.6134345,3.464796,1.461853,0.019256516481077846,-0.1682395346341744,0.11405185148753882,1,-1,-1
314,2001-01-31 00:00:00,2535.5162036,3.45166,1.418433,-0.0846228179316535,-0.20875908719434222,0.1418105519063464,-1,-1,-1
315,2001-02-28 00:00:00,2320.95367754,3.161961,1.54915,-0.06585094770697597,-0.14321476347701545,0.2455093311918024,-1,-1,-1
316,2001-03-30 00:00:00,2168.11667829,2.923435,1.659966,0.07371452347576235,-0.04241565372880696,0.3626268614934931,1,-1,1
317,2001-04-30 00:00:00,2327.93836607,3.005522,1.552098,-0.013031101515463384,-0.13847054997602415,0.30760747843118263,1,-1,1
318,2001-05-31 00:00:00,2297.6027649,2.96804,1.576499,-0.03147183150397492,-0.12564034416217462,0.2796159813674153,-1,-1,1
319,2001-06-29 00:00:00,2225.29299782,2.824954,1.611787,-0.01336639705833742,-0.15215915470983232,0.32080886735785485,1,-1,1
320,2001-07-31 00:00:00,2195.54884804,2.750109,1.635764,-0.04814662394980074,-0.21318114299202906,0.3470573461256543,-1,-1,1
321,2001-08-31 00:00:00,2089.84058329,2.522687,1.773622,-0.08824927047289877,-0.17197072270661728,0.4519286049288771,-1,-1,1
322,2001-09-28 00:00:00,1905.41367641,2.336268,1.950482,0.019095017155828842,-0.19181524995591348,0.6114500982616573,1,-1,1
323,2001-10-31 00:00:00,1941.79758325,2.397805,1.881146,0.05900817084045573,-0.14852389498152396,0.639292403089873,1,-1,1
324,2001-11-30 00:00:00,2056.37950678,2.543819,1.770873,0.006185142921364628,-0.1527405371889865,0.5858569384191439,1,-1,1
325,2001-12-31 00:00:00,2069.09850793,2.654754,1.724116,-0.030396983188065607,-0.19886082257226212,0.6081525629095716,-1,-1,1
326,2002-01-31 00:00:00,2006.20415537,2.60844,1.753013,-0.008795370975964278,-0.19892450703572495,0.6781477830550526,1,-1,1
327,2002-02-28 00:00:00,1988.55884557,2.584796,1.768931,0.044049863872593464,-0.2059607778881707,0.6842285200013731,1,-1,1
328,2002-03-29 00:00:00,2076.15459202,2.696483,1.691055,-0.03398934360728001,-0.24197259035090235,0.6426982920533626,-1,-1,1
329,2002-04-30 00:00:00,2005.58746021,2.570282,1.764653,0.0016671935910737012,-0.14576227719303247,0.7755109059153884,1,-1,1
330,2002-05-31 00:00:00,2008.93116277,2.53507,1.779858,-0.06084671727201174,-0.09863013964440392,0.8222028924338545,-1,-1,1
331,2002-06-28 00:00:00,1886.69429629,2.374668,1.912277,-0.08437777200208929,-0.02374180622058486,0.9252955219204544,-1,-1,1
332,2002-07-31 00:00:00,1727.49923512,2.201315,2.089268,0.001707643430473027,0.08775117439022773,1.056150739449249,1,1,1
333,2002-08-30 00:00:00,1730.44918784,2.195594,2.083283,-0.11010026378053694,0.10922418211882001,1.051088210610998,-1,1,1
334,2002-09-30 00:00:00,1539.9262758,1.956173,2.356886,0.07368402559470111,0.25396154570245955,1.4144616352743449,1,1,1
335,2002-10-31 00:00:00,1653.39424292,2.113474,2.200697,0.0537637975399079,0.23709450579535352,1.3177368183962033,1,1,1
336,2002-11-29 00:00:00,1742.28699625,2.213305,2.091799,-0.04858620868559449,0.1917211477035381,1.1095785289110918,-1,1,1
337,2002-12-31 00:00:00,1657.63587666,2.067895,2.246967,-0.03047405924380886,0.3310663646625227,1.1887031011721758,-1,1,1
338,2003-01-31 00:00:00,1607.12098275,2.00895,2.356652,-0.017501646852914887,0.39493376391236734,1.0849813428708406,-1,1,1
339,2003-02-28 00:00:00,1578.99371886,2.014727,2.40888,-0.0033006030218807325,0.44355679846253904,1.1098393158176822,1,1,1
340,2003-03-31 00:00:00,1573.78208742,2.010299,2.450295,0.08861860774425012,0.4387263858822503,1.0965363053083568,1,1,1
341,2003-04-30 00:00:00,1713.2484649,2.165472,2.274773,0.05693367818408834,0.2945391518850442,1.027088158916114,1,1,1
342,2003-05-30 00:00:00,1810.79000165,2.24246,2.198387,0.01718076874273211,0.23596534376192557,0.9471406877977113,1,1,1
343,2003-06-30 00:00:00,1841.90076591,2.306377,2.137442,0.02019031455889908,0.24003375795957682,0.7615761974380666,1,1,1
344,2003-07-31 00:00:00,1879.08932176,2.355433,2.122276,0.021482088612047257,0.17580660395674008,0.684522557126364,1,1,1
345,2003-08-29 00:00:00,1919.45608508,2.378145,2.090523,0.006018500803324445,0.1561386889804821,0.6259281666295198,1,1,1
346,2003-09-30 00:00:00,1931.00833307,2.305143,2.140318,0.05924189906427135,0.17096234312730574,0.4239765321666904,1,1,1
347,2003-10-31 00:00:00,2045.40493383,2.422742,2.041566,0.015114525470568463,0.13252343575921444,0.08944825504425347,1,1,-1
348,2003-11-28 00:00:00,2076.3202588,2.405648,2.040142,0.06266042096761737,0.1742677693657535,0.0037583609016607067,1,1,-1
349,2003-12-31 00:00:00,2206.42336028,2.498054,1.98164,0.016045860412530866,0.1472085498762945,-0.02512343779435222,1,1,-1
350,2004-01-30 00:00:00,2241.82732153,2.526233,1.97733,0.016745177337913697,0.10367070749293195,-0.12457514899916555,1,1,-1
351,2004-02-27 00:00:00,2279.36711759,2.541014,1.972295,-0.006635746683049448,0.11987996264897904,-0.22712492203422285,1,1,-1
352,2004-03-31 00:00:00,2264.2418148,2.509048,2.028168,-0.02048129302130053,0.10547720208545641,-0.1632911195320622,-1,1,-1
353,2004-04-30 00:00:00,2217.86721472,2.499121,2.060472,0.009110767324522318,0.10400095348319582,-0.049971806668323016,1,1,-1
354,2004-05-31 00:00:00,2238.07368687,2.453686,2.061801,0.020529012042608707,0.11347161434848285,0.02675193141372101,1,1,-1
355,2004-06-30 00:00:00,2284.01912854,2.484777,2.02799,-0.032650118231570824,0.10051403930524438,0.0015587057374057967,-1,1,-1
356,2004-07-30 00:00:00,2209.44563395,2.388452,2.109379,0.00439558577987631,0.1773991506725936,0.1230556695228251,1,1,-1
357,2004-08-31 00:00:00,2219.15744176,2.357855,2.121206,0.01891736013858747,0.1810794996011189,0.16426952438799747,1,1,-1
358,2004-09-30 00:00:00,2261.13804229,2.376826,2.11482,0.024470412621939053,0.18925856287243636,0.18819774972209435,1,1,-1
359,2004-10-29 00:00:00,2316.46902318,2.397447,2.10186,0.05253121642997449,0.13268863001588938,0.1391819425357137,1,1,-1
360,2004-11-30 00:00:00,2438.15595879,2.423211,2.078445,0.03817302352397056,0.11201390983435555,0.12655293483076813,1,1,-1
361,2004-12-31 00:00:00,2531.22774356,2.493575,2.048973,-0.022514211798994155,0.09485618571496546,0.10461612570963963,-1,1,-1
362,2005-01-31 00:00:00,2474.23914603,2.461294,2.032603,0.03167778531261245,0.1700886555146668,0.08335215110103977,1,1,-1
363,2005-02-28 00:00:00,2552.61756251,2.512209,2.036851,-0.019411390475303825,0.13247260580527143,0.064890391264536,-1,1,-1
364,2005-03-31 00:00:00,2503.06770627,2.448034,2.122002,-0.021789337293346422,0.1802853024269424,0.1532251195200507,-1,1,-1
365,2005-04-29 00:00:00,2448.52751975,2.382515,2.231128,0.017767413700313206,0.24320825159065484,0.17907847561573242,1,1,-1
366,2005-05-31 00:00:00,2492.03152115,2.443977,2.184497,0.008653018899234866,0.17978010785483667,0.047524697434543794,1,1,-1
367,2005-06-30 00:00:00,2513.595117,2.490154,2.122306,0.034931757814200326,0.1693158950348168,0.0029306844050493996,1,1,-1
368,2005-07-29 00:00:00,2601.39941287,2.568842,2.065521,0.007535155071928701,0.13689969710076078,0.047645302973009285,1,1,-1
369,2005-08-31 00:00:00,2621.00136085,2.551745,2.107258,0.02597343854790024,0.15768704585333237,0.0009888285403865105,1,1,-1
370,2005-09-30 00:00:00,2689.07777863,2.579651,2.048373,-0.024260977056319133,0.14183348673697038,0.06662297368403869,-1,1,-1
371,2005-10-31 00:00:00,2623.83812434,2.525684,2.10535,0.033319592153571165,0.21317469893867624,0.13389108241895387,1,1,-1
372,2005-11-30 00:00:00,2711.26334052,2.623458,2.049201,0.022154621084678583,0.20280596138054996,0.07363771798415875,1,1,-1
373,2005-12-30 00:00:00,2771.33035249,2.651441,2.01456,0.04465321256226762,0.20066020474619917,0.12759607900670722,1,1,-1
374,2006-01-31 00:00:00,2895.0791558,2.685984,1.978312,-0.0014886270557978865,0.1629067374358799,0.10378309585354795,1,1,-1
375,2006-02-28 00:00:00,2890.76946264,2.685101,2.021522,0.021988803628757658,0.1585799437466553,0.1441327735071234,1,1,-1
376,2006-03-31 00:00:00,2954.33402469,2.658297,2.028762,0.03036068073562248,0.1544041986612752,0.10847554671602411,1,1,-1
377,2006-04-28 00:00:00,3044.0296168,2.654655,2.056635,-0.03415880036979013,0.16981201126203183,0.12151631139806462,-1,1,-1
378,2006-05-31 00:00:00,2940.0492168,2.517644,2.207989,-0.00029335999039470373,0.2451084677705999,0.1370917211238707,1,1,-1
379,2006-06-30 00:00:00,2939.18672399,2.535054,2.199416,0.00624100551022444,0.23586706833953408,0.11943190831151651,1,1,-1
380,2006-07-31 00:00:00,2957.53020453,2.492791,2.200703,0.02595717128177233,0.20100170887501423,0.09231681907485001,1,1,-1
381,2006-08-31 00:00:00,3034.29932262,2.549622,2.171943,0.011923587495237697,0.16972768697562546,-0.010333658217649422,1,1,-1
382,2006-09-29 00:00:00,3070.47905608,2.560157,2.140728,0.03670273218664266,0.2109162271299747,-0.1064658052764399,1,1,-1
383,2006-10-31 00:00:00,3183.17402656,2.635549,2.101271,0.024488036670190727,0.20387156974930387,-0.048947809048435986,1,1,-1
384,2006-11-30 00:00:00,3261.12370885,2.627477,2.103419,0.020331139051876335,0.1270628061473087,-0.09434587749463141,1,1,-1
385,2006-12-29 00:00:00,3327.42606844,2.668493,2.076286,0.01180521713842797,0.09035413837487671,-0.11288510593898815,1,1,-1
386,2007-01-31 00:00:00,3366.70705569,2.699519,2.064306,-0.00520375963521702,-0.004719683256416696,-0.07923685299531547,1,-1,-1
387,2007-02-28 00:00:00,3349.18752141,2.660908,2.134713,0.018305359299257473,-0.005304120422173653,-0.029206897047322822,1,-1,-1
388,2007-03-30 00:00:00,3410.49560235,2.622127,2.151274,0.0441128866773306,-0.032547855905022294,-0.03440154643482196,1,-1,-1
389,2007-04-30 00:00:00,3560.94240837,2.690647,2.143094,0.028008812188471843,-0.024722874395011196,-0.08569931675185116,1,-1,-1
390,2007-05-31 00:00:00,3660.6801755,2.760793,2.107803,-0.007713346773361107,-0.03682847989078586,-0.18738582658243474,1,-1,-1
391,2007-06-29 00:00:00,3632.44407988,2.686766,2.133592,-0.02214631482851559,-0.10675884448104456,-0.13934007345729627,-1,-1,-1
392,2007-07-31 00:00:00,3551.99882969,2.581626,2.219942,-0.0007586999825208718,-0.10884870712745787,-0.10853317548351937,1,-1,-1
393,2007-08-31 00:00:00,3549.30392824,2.571942,2.243337,0.04755551771349653,-0.12070147374289097,-0.0852389385064638,1,-1,-1
394,2007-09-28 00:00:00,3718.09291407,2.607713,2.200839,0.030671583713911765,-0.2604513622280522,-0.10277535448722941,1,-1,-1
395,2007-10-31 00:00:00,3832.13271214,2.657989,2.171232,-0.04087579565127475,-0.41850582863149266,-0.13535826466989276,-1,-1,-1
396,2007-11-30 00:00:00,3675.49123849,2.529765,2.290751,-0.012901256336413036,-0.43296727309402605,-0.08696552725325446,1,-1,-1
397,2007-12-31 00:00:00,3628.07278386,2.486945,2.306228,-0.0764195030274506,-0.40712589069078553,-0.057637129304644374,-1,-1,-1
398,2008-01-31 00:00:00,3350.81726477,2.268105,2.510212,-0.0057879125471591575,-0.4143066619734903,0.07231197602076112,1,-1,-1
399,2008-02-29 00:00:00,3331.42302748,2.221142,2.620948,-0.009585016461915563,-0.4711971358219904,0.0803352743834651,1,-1,-1
400,2008-03-31 00:00:00,3299.49128292,2.110105,2.743174,0.05255791838508239,-0.4258171725511012,0.11634060574643668,1,-1,-1
401,2008-04-30 00:00:00,3472.90567648,2.234611,2.628437,0.015248675813065882,-0.39329294275979043,0.0939969213534384,1,-1,-1
402,2008-05-30 00:00:00,3525.86288927,2.261471,2.63642,-0.07975759433408447,-0.3482598294921869,0.07797238771724335,-1,-1,-1
403,2008-06-30 00:00:00,3244.64854727,2.090302,2.850025,-0.02443414032521496,-0.29496855855629245,0.1425366063819531,-1,-1,-1
404,2008-07-31 00:00:00,3165.36834936,2.047934,2.924503,-0.014049118810767092,-0.2161005697135705,0.2328090719106981,1,-1,-1
405,2008-08-29 00:00:00,3120.89771334,2.064976,2.874215,-0.11893602345357013,-0.17213006750711013,0.2237615112744713,-1,-1,-1
406,2008-09-30 00:00:00,2749.71054971,1.836232,3.201234,-0.1896009431774498,-0.022922927672022753,0.45842449844873423,-1,-1,1
407,2008-10-31 00:00:00,2228.36283602,1.521292,3.731041,-0.06472869409257431,0.18422352006337062,0.8700815416321179,-1,1,1
408,2008-11-28 00:00:00,2084.12381968,1.433165,3.929262,0.03208379460403976,0.3179215769299806,1.0350413536424208,1,1,1
409,2008-12-31 00:00:00,2150.99042024,1.445213,3.83615,-0.08760572318075432,0.29988258295823944,1.013501447178347,-1,1,1
410,2009-01-30 00:00:00,1962.55134892,1.35034,4.020415,-0.10235926326745437,0.3658100220741103,1.1250949215240165,-1,1,1
411,2009-02-27 00:00:00,1761.66603872,1.239527,4.327152,0.07540884159095396,0.5430040967725331,1.485938196391639,1,1,1
412,2009-03-31 00:00:00,1894.51123397,1.409679,3.872698,0.11217940821319283,0.5236650503681892,1.3149670952172614,1,1,1
413,2009-04-30 00:00:00,2107.03638305,1.563275,3.417165,0.09060598057336433,0.37017382268025667,1.1027975352644206,1,1,1
414,2009-05-29 00:00:00,2297.94648064,1.646515,3.085142,-0.0045115229912199295,0.1359988525333109,0.9660351464938108,1,1,1
415,2009-06-30 00:00:00,2287.57924226,1.656374,3.01762,0.08469704562390801,0.10202157129185663,1.010275383718196,1,1,1
416,2009-07-31 00:00:00,2481.33044571,1.765194,2.796274,0.041254857339530826,0.09833975590066113,0.8237282873926746,1,1,1
417,2009-08-31 00:00:00,2583.69737926,1.803597,2.620004,0.03985828805906633,0.015441321750857107,0.7900656303350233,1,1,1
418,2009-09-30 00:00:00,2686.67913366,1.817934,2.542966,-0.01779127675171399,0.06757524587711905,0.6747294228620784,-1,1,1
419,2009-10-30 00:00:00,2638.87968165,1.773034,2.598426,0.040862821465424526,0.1274279276877619,0.7160947727667688,1,1,1
420,2009-11-30 00:00:00,2746.71175095,1.808532,2.512146,0.017957192782584785,0.05978160422665679,0.6817652304841684,1,1,1
421,2009-12-31 00:00:00,2796.03498338,1.869338,2.413418,-0.041330914268569496,0.11763309746661332,0.6254579153533881,-1,1,1
422,2010-01-29 00:00:00,2680.47230119,1.797122,2.499141,0.014096625316077693,0.19215536452711524,0.6648134365159721,1,1,1
423,2010-02-26 00:00:00,2718.25791489,1.805173,2.453428,0.06193034109009954,0.21674402739441367,0.7378546921774212,1,1,1
424,2010-03-31 00:00:00,2886.60055473,1.880714,2.34291,0.0001404907787936338,0.1344856903854892,0.6108882430928999,1,1,1
425,2010-04-30 00:00:00,2887.00609549,1.878898,2.347502,-0.09578834306308026,0.18251529602003402,0.6484361453494838,-1,1,1
426,2010-05-31 00:00:00,2610.46456519,1.718916,2.544733,-0.03428619387273146,0.2806554314889447,0.8293444022682699,-1,1,1
427,2010-06-30 00:00:00,2520.96167101,1.633847,2.662308,0.08107311086491698,0.3051445569982838,0.8502458229486893,1,1,1
428,2010-07-30 00:00:00,2725.34387605,1.724309,2.55957,-0.03733502958807278,0.1853770137852253,0.7422112559468035,-1,1,1
429,2010-08-31 00:00:00,2623.5930818,1.641537,2.671486,0.09324580728889442,0.14459209826461872,0.6900180001610492,1,1,1
430,2010-09-30 00:00:00,2868.23213671,1.749917,2.526434,0.03727540488150183,-0.043460257042857164,0.4888534903588131,1,-1,1
431,2010-10-29 00:00:00,2975.1466509,1.794203,2.460584,-0.021589545883585082,0.01755139741572198,0.549093290018432,-1,1,1
432,2010-11-30 00:00:00,2910.91458577,1.75758,2.470109,0.07352556972171875,0.014612433273698544,0.5753976708138084,1,1,1
433,2010-12-31 00:00:00,3124.9412391,1.850064,2.359714,0.022591846959123085,-0.055403286543033725,0.4417041708302758,1,-1,1
434,2011-01-31 00:00:00,3195.53943333,1.88244,2.335083,0.035012758210092754,-0.029916592076092097,0.3255096874351673,1,-1,1
435,2011-02-28 00:00:00,3307.42408286,1.922024,2.313715,-0.009861771228259153,-0.016948517993352508,0.27113840771654063,1,-1,1
436,2011-03-31 00:00:00,3274.8070232,1.855543,2.410564,0.04248245573995879,0.0056071262184045345,0.37091634340428037,1,-1,1
437,2011-04-29 00:00:00,3413.92886762,1.88701,2.42265,-0.020745377612209626,-0.046326914465050995,0.3358584435384979,-1,-1,1
438,2011-05-31 00:00:00,3343.10562412,1.827868,2.507231,-0.01581948844763803,-0.11019245892267282,0.3718203816659851,1,-1,1
439,2011-06-30 00:00:00,3290.21940332,1.803488,2.558616,-0.018132352489867554,-0.04982049166526581,0.37825180244034917,-1,-1,1
440,2011-07-29 00:00:00,3230.55998533,1.752348,2.649973,-0.07045715785300588,-0.019832743620594062,0.4630085880783321,-1,-1,1
441,2011-08-31 00:00:00,3002.94391049,1.613079,2.86163,-0.08637053752285317,0.0811940301709515,0.575209255316443,-1,1,1
442,2011-09-30 00:00:00,2743.57803079,1.504942,3.0664,0.10343667946206914,0.21591752061428515,0.7332811192655264,1,1,1
443,2011-10-31 00:00:00,3027.36463214,1.635677,2.865396,-0.024415460376093212,0.09449051596331492,0.5404028145441924,-1,1,1
444,2011-11-30 00:00:00,2953.45013092,1.602397,2.927743,-0.0005555897839010226,0.1362474584849862,0.6016576513267469,1,1,1
445,2011-12-30 00:00:00,2951.8092242,1.61424,2.93203,0.05018297192974819,0.15825950256545052,0.6408943234848505,1,1,1
446,2012-01-31 00:00:00,3099.93978364,1.682507,2.824438,0.048848807786256554,0.15909396093200834,0.6001949541662679,1,1,1
447,2012-02-29 00:00:00,3251.36814628,1.763287,2.749823,0.01285647498510012,0.10693518806776736,0.567995308631212,1,1,1
448,2012-03-30 00:00:00,3293.16927952,1.792049,2.725038,-0.01135599155882172,0.11848368085313599,0.5645824926288028,1,1,1
449,2012-04-30 00:00:00,3255.77207698,1.757973,2.806666,-0.08632406549806715,0.16695764580185601,0.6059864991686024,-1,1,1
450,2012-05-31 00:00:00,2974.72059496,1.600646,3.018954,0.05095552848116758,0.27769406106562666,0.79490369920668,1,1,1
451,2012-06-29 00:00:00,3126.29905496,1.666879,2.892789,0.012855475987249898,0.18578858737729798,0.7144489077256808,1,1,1
452,2012-07-31 00:00:00,3166.48911739,1.68672,2.862459,0.02535170928873054,0.2323727233417725,0.7331987562691036,1,1,1
453,2012-08-31 00:00:00,3246.76502896,1.714438,2.870121,0.02747336719915694,0.17631995791003474,0.6927258212339544,1,1,1
454,2012-09-28 00:00:00,3335.96459681,1.742996,2.828863,-0.006757481356833517,0.20212463680663095,0.6844405379401706,1,1,1
455,2012-10-31 00:00:00,3313.42187824,1.732146,2.855844,0.0128049878159604,0.2576787263544946,0.7279505026511122,1,1,1
456,2012-11-30 00:00:00,3355.85020502,1.731711,2.82306,0.01880622638507301,0.26384608967810674,0.7430709485333356,1,1,1
457,2012-12-31 00:00:00,3418.96108369,1.76979,2.786915,0.05093956746417039,0.2667656103723868,0.7340328991406415,1,1,1
458,2013-01-31 00:00:00,3593.12148247,1.863947,2.671219,0.0016510235011375496,0.16071998265781473,0.7371026920329329,1,1,1
459,2013-02-28 00:00:00,3599.05381048,1.873016,2.669784,0.023423458327997748,0.21681784311969698,0.6623944278293663,1,1,1
460,2013-03-29 00:00:00,3683.35609743,1.917825,2.622789,0.03149085174548594,0.19068888593749356,0.5889416730800425,1,1,1
461,2013-04-30 00:00:00,3799.34811822,1.968074,2.583167,0.000377622488215712,0.1661660830031484,0.5581333470367746,1,1,1
462,2013-05-31 00:00:00,3800.78283751,1.959669,2.59424,-0.02464047576876416,0.1886613202715277,0.5673055406403043,-1,1,1
463,2013-06-28 00:00:00,3707.1297401,1.908781,2.64913,0.05264587176944491,0.24049185257162087,0.606133698422809,1,1,1
464,2013-07-31 00:00:00,3902.29481703,1.990844,2.546935,-0.021284992219838705,0.15964393680899325,0.573462613128032,-1,1,1
465,2013-08-30 00:00:00,3819.23450221,1.940195,2.61799,0.050012830324891455,0.21097248025062387,0.6275737968964887,1,1,1
466,2013-09-30 00:00:00,4010.24522934,2.026805,2.545468,0.03914348609195528,0.12199138397092857,0.5586822357566223,1,1,1
467,2013-10-31 00:00:00,4167.2202077,2.10242,2.461082,0.017771547403028665,0.08671186112802931,0.389828881444354,1,1,1
468,2013-11-29 00:00:00,4241.27815916,2.119943,2.425467,0.02115969797127737,0.08913496063292237,0.3810732944618047,1,1,1
469,2013-12-31 00:00:00,4331.02232402,2.158386,2.39109,-0.037038465101030815,0.04936822194015833,0.2496176641676917,-1,1,-1
470,2014-01-31 00:00:00,4170.60790482,2.082072,2.482571,0.05006104502864095,0.06998461736781203,0.3986491017912548,1,1,1
471,2014-02-28 00:00:00,4379.39289494,2.133809,2.442084,0.0014472949497916776,0.0786740046544101,0.372021452321035,1,1,1
472,2014-03-31 00:00:00,4385.73116816,2.108019,2.464366,0.010246807911131972,0.06025442915391177,0.3880333213752316,1,1,1
473,2014-04-30 00:00:00,4430.67091299,2.115104,2.480233,0.019674815490002606,0.07411389676837876,0.42267415562719,1,1,1
474,2014-05-30 00:00:00,4517.8435457,2.147872,2.460821,0.01788921916008457,0.05701728963039776,0.31471772758781946,1,1,1
475,2014-06-30 00:00:00,4598.66423902,2.173484,2.430173,-0.015959354933388403,0.014294273111360667,0.3767223852266255,1,1,1
476,2014-07-31 00:00:00,4525.27252421,2.154022,2.456785,0.022035215129371233,0.0492461507627997,0.4059802953217111,1,1,1
477,2014-08-29 00:00:00,4624.9878778,2.188042,2.410367,-0.027141105271331067,-0.041312182757738736,0.347528504867036,-1,-1,1
478,2014-09-30 00:00:00,4499.46059493,2.152521,2.446717,0.006469004916455523,-0.050913473336810955,0.4145991204305728,1,-1,1
479,2014-10-31 00:00:00,4528.56762764,2.175334,2.429459,0.020040927006603315,0.017712462898959114,0.44127338634918556,1,1,1
480,2014-11-28 00:00:00,4619.32432091,2.215631,2.374489,-0.016125112764397986,-0.007247004155665149,0.4523076393731973,-1,-1,1
481,2014-12-31 00:00:00,4544.83719534,2.191741,2.41192,-0.018119657222141594,-0.008712386302990094,0.5203316869270356,-1,-1,1
482,2015-01-30 00:00:00,4462.48630323,2.178396,2.436364,0.058588632198323776,-0.05081647591968241,0.5389633790089503,1,-1,1
483,2015-02-27 00:00:00,4723.93727194,2.294399,2.334122,-0.01565354736169733,-0.11002336815462288,0.33090611455516683,1,-1,1
484,2015-03-31 00:00:00,4649.99089612,2.278518,2.3651,0.023452584309572755,-0.034517148550532895,0.17313412474673018,1,-1,-1
485,2015-04-30 00:00:00,4759.04519965,2.2982,2.374145,0.0034447119773532986,-0.04171414388218031,,1,-1,-1
486,2015-05-29 00:00:00,4775.43873965,2.310232,2.38034,-0.023252300804959658,-0.03963998215457665,,-1,-1,-1
487,2015-06-30 00:00:00,4664.3988016,2.24143,2.456957,0.017950003664197745,-0.027795217361244573,,1,-1,-1
488,2015-07-31 00:00:00,4748.12477718,2.287738,2.406112,-0.06617459704304818,-0.004588711409757806,,-1,-1,-1
489,2015-08-31 00:00:00,4433.91953334,2.10737,2.576418,-0.036884319665766885,0.06683601392214866,,-1,1,-1
490,2015-09-30 00:00:00,4270.3774279,2.027936,2.68596,0.07924411636758144,0.11357651174606143,,1,1,-1
491,2015-10-30 00:00:00,4608.77971373,2.187955,2.499654,-0.004975645787904437,0.011842893273331434,,1,1,-1
492,2015-11-30 00:00:00,4585.84805836,2.202481,2.50108,-0.017577390119381087,0.031524799731742714,,-1,1,-1
493,2015-12-31 00:00:00,4505.24081801,2.148696,2.571272,-0.05982418108984677,0.075105015615893,,-1,1,-1
494,2016-01-29 00:00:00,4235.71847546,2.028527,2.710332,-0.007442584608169933,0.17111371512038165,,1,1,-1
495,2016-02-29 00:00:00,4204.19378233,1.975262,2.785737,0.0678590716891001,0.21262964172278775,,1,1,-1
496,2016-03-31 00:00:00,4489.4864696,2.091854,2.66006,0.015823465407688087,0.14766689573274672,,1,1,-1
497,2016-04-29 00:00:00,4560.52570345,2.098905,2.649859,0.005616617786107891,0.1465182612707372,,1,1,-1
498,2016-05-31 00:00:00,4586.14043323,2.13325,2.629152,-0.011205415736431523,0.1642332104164388,,1,1,-1
499,2016-06-30 00:00:00,4534.75082305,2.084528,2.661478,0.042248446996508315,0.18195689446835628,,1,1,-1
500,2016-07-29 00:00:00,4726.33700284,2.167143,2.569737,0.0008310956577237683,0.16118571246659563,,1,1,-1
501,2016-08-31 00:00:00,4730.265041,2.171407,2.555201,0.005311955838036564,0.16185519254501335,,1,1,-1
502,2016-09-30 00:00:00,4755.392,2.157,2.566,-0.01935297868188368,0.1816552662745785,,-1,1,-1
503,2016-10-31 00:00:00,4663.361,2.1390000000000002,2.592,0.014379114119623226,0.22774732644545437,,1,1,-1
504,2016-11-30 00:00:00,4730.416,2.182,2.535,0.02392833949487727,0.23656883453801947,,1,1,-1
505,2016-12-30 00:00:00,4843.607,2.24,2.48,0.024135112530806024,0.22400330992997586,,1,1,-1
506,2017-01-31 00:00:00,4960.508,2.262,2.461,0.02774352949335035,0.2582624602157684,,1,1,-1
507,2017-02-28 00:00:00,5098.13,2.302,2.4290000000000003,0.010651944928826929,0.17357678207499605,,1,1,-1
508,2017-03-31 00:00:00,5152.435,2.313,2.426,0.014806785529560162,0.13589749312703603,,1,1,-1
509,2017-04-28 00:00:00,5228.726,2.333,2.408,0.021154483902962262,0.1321861195251004,,1,1,-1
510,2017-05-31 00:00:00,5339.337,2.32,2.411,0.0038474814382383205,0.11567934370877886,,1,1,-1
511,2017-06-30 00:00:00,5359.88,2.32,2.419,0.023932438785942978,0.11087300461950633,,1,1,-1
512,2017-07-31 00:00:00,5488.155,2.334,2.406,0.0014081234950542587,0.11879402094146396,,1,1,-1
513,2017-08-31 00:00:00,5495.883,2.3040000000000003,2.433,0.022444255090583454,0.1310440924597558,,1,1,-1
514,2017-09-29 00:00:00,5619.234,2.363,2.395,0.018898483316409198,0.11237545900384283,,1,1,-1
515,2017-10-31 00:00:00,5725.429,2.416,2.347,0.021667546658948877,0.011578870334432612,,1,1,-1
516,2017-11-30 00:00:00,5849.485,2.41,2.326,0.013523583700103536,0.00137294137859989,,1,-1,-1
517,2017-12-29 00:00:00,5928.591,2.434,2.294,0.052800066660020795,-0.08711496542770447,,1,-1,-1
518,2018-01-31 00:00:00,6241.621,2.519,2.227,-0.04142737920165296,-0.0654323612407739,,-1,-1,-1
519,2018-02-28 00:00:00,5983.047,2.398,2.345,-0.021796419115544197,0.004274410680711771,,-1,-1,-1
520,2018-03-30 00:00:00,5852.638,2.314,2.426,0.011491057536789251,0.040136259922448625,,1,1,-1
521,2018-04-30 00:00:00,5919.891,2.355,2.41,0.006266500514958917,0.06478328739498762,,1,1,-1
522,2018-05-31 00:00:00,5956.988,2.366,2.406,-0.0004770867424948033,-0.0029039843625671136,,1,-1,-1
523,2018-06-29 00:00:00,5954.146,2.379,2.408,0.031233530383702357,0.06330681175772312,,1,1,-1
524,2018-07-31 00:00:00,6140.115,2.45,2.361,0.012372895295934994,0.03620925666701691,,1,1,-1
525,2018-08-31 00:00:00,6216.086,2.472,2.349,0.005568134031607608,0.0026088763894192013,,1,-1,-1
526,2018-09-28 00:00:00,6250.698,2.491,2.352,-0.07342779958334256,0.018275558985572538,,-1,1,-1
527,2018-10-31 00:00:00,5791.723,2.315,2.54,0.011359831953289046,0.12693649195584822,,1,1,-1
528,2018-11-30 00:00:00,5857.516,2.332,2.531,-0.07603803386964703,0.14531142552576903,,-1,1,-1
529,2018-12-31 00:00:00,5412.122,2.154,2.759,0.07780589572814489,0.27670070999877683,,1,1,-1
530,2019-01-31 00:00:00,5833.217,2.298,2.591,0.030069856821716145,0.17732685068976517,,1,1,-1
531,2019-02-28 00:00:00,6008.621,2.358,2.5380000000000003,0.01313446130151985,0.04634940363188167,,1,1,-1
532,2019-03-29 00:00:00,6087.541,2.392,2.5140000000000002,0.035459309432166464,-0.10389712364976267,,1,-1,-1
533,2019-04-30 00:00:00,6303.401,2.465,2.445,-0.057700914157293726,,,-1,-1,-1
534,2019-05-31 00:00:00,5939.689,2.314,2.586,0.06589486419238444,,,1,-1,-1
535,2019-06-28 00:00:00,6331.084,2.433,2.454,0.004953338164523036,,,1,-1,-1
536,2019-07-31 00:00:00,6362.444,2.456,2.444,-0.020454561171776242,,,-1,-1,-1
537,2019-08-30 00:00:00,6232.303,2.39,2.505,0.02128105774061373,,,1,-1,-1
538,2019-09-30 00:00:00,6364.933,2.431,2.464,0.02544740062464146,,,1,-1,-1
539,2019-10-31 00:00:00,6526.904,2.473,2.4290000000000003,0.02785026407619906,,,1,-1,-1
540,2019-11-29 00:00:00,6708.68,2.532,2.358,0.02995820340215949,,,1,-1,-1
541,2019-12-31 00:00:00,6909.66,2.57,2.325,-0.006086696016880722,,,1,-1,-1
542,2020-01-31 00:00:00,6867.603,2.567,2.343,-0.0845252703162952,,,-1,-1,-1
543,2020-02-29 00:00:00,6287.117,2.336,2.577,-0.13234269379749097,,,-1,-1,-1
544,2020-03-31 00:00:00,5455.063,2.039,2.966,,,,-1,-1,-1
